02:09:57.474973,500.63392006077345
02:09:57.476395,503.50792776008296
02:09:57.479580,499.66305406555887
02:09:57.481062,497.6500755023716
02:09:57.482401,502.47117255772275
02:09:57.483804,499.7381892181796
02:09:57.485134,497.53668943014173
02:09:57.486460,498.2028412999229
02:09:57.487758,500.1024042694546
02:09:57.489095,501.7294324230882
02:09:57.490433,501.27138730206485
02:09:57.491781,502.5085453527871
02:09:57.493087,498.19616448311285
02:09:57.494418,500.1116096653163
02:09:57.495725,499.08553186061533
02:09:57.497044,499.96124195093347
02:09:57.498342,500.1718962509154
02:09:57.499660,500.5121029835315
02:09:57.500953,498.4849703935047
02:09:57.502266,501.86188608021683
02:09:57.503562,496.45784530423225
02:09:57.504892,499.2758851356567
02:09:57.506197,500.1271373386495
02:09:57.507515,502.7262669072833
02:09:57.508811,500.379002765821
02:09:57.510122,496.9339019496431
02:09:57.511415,500.0616133189876
02:09:57.512725,499.06904551113325
02:09:57.514033,499.53510431190136
02:09:57.515367,497.69488645249464
02:09:57.516673,497.60626164592446
02:09:57.518085,502.25719953496315
02:09:57.519555,500.43695437222897
02:09:57.521052,499.60408067306895
02:09:57.522417,499.2146781998416
02:09:57.523815,496.4233962123275
02:09:57.525176,499.8640303257846
02:09:57.526517,500.42969958748023
02:09:57.527824,497.68276310051186
02:09:57.529144,499.267157730534
02:09:57.530443,500.44233772555157
02:09:57.531764,498.67238815158834
02:09:57.533067,499.6577500993198
02:09:57.534392,501.1721959893557
02:09:57.535697,502.2422245577813
02:09:57.537016,500.5340451689753
02:09:57.538323,500.8106498943446
02:09:57.539642,499.0464062757239
02:09:57.540939,499.325062032633
02:09:57.542288,500.63108389687204
02:09:57.543613,500.28480420780716
02:09:57.544987,499.67912399165107
02:09:57.546305,500.78389146189517
02:09:57.547634,503.7667781136145
02:09:57.548937,500.9119719253518
02:09:57.550257,504.2207142806436
02:09:57.551556,499.6260902950116
02:09:57.552873,501.26611336426845
02:09:57.554176,498.9234603320871
02:09:57.555497,500.0883661027572
02:09:57.556795,500.38382813309966
02:09:57.558112,499.713514242291
02:09:57.559410,503.71134684507297
02:09:57.560727,500.429975928016
02:09:57.562022,499.8136124882673
02:09:57.563339,499.46148956316426
02:09:57.564639,500.3742101693901
02:09:57.565955,500.028924629708
02:09:57.567252,501.0800072942068
02:09:57.568569,497.1109564601631
02:09:57.569866,498.59876141499535
02:09:57.571183,502.1312823990667
02:09:57.572483,501.8596622041063
02:09:57.573833,495.3931430753872
02:09:57.575148,500.28760499794276
02:09:57.576475,497.2574524183165
02:09:57.577776,499.3556763549941
02:09:57.579096,499.6317679293686
02:09:57.580398,499.9149013651642
02:09:57.581715,500.94497767720077
02:09:57.583014,500.2624288790902
02:09:57.584331,501.32116849661696
02:09:57.585630,500.92755027847716
02:09:57.586952,494.7751318094578
02:09:57.588250,498.79114944323055
02:09:57.589568,499.23307399358004
02:09:57.590865,498.0507881084837
02:09:57.592181,500.63660478376147
02:09:57.593478,497.85726640475286
02:09:57.594797,495.03172688429305
02:09:57.596095,501.39123486150714
02:09:57.597412,498.9298265583306
02:09:57.598710,501.55313281218577
02:09:57.600025,499.2891336561396
02:09:57.601323,503.963738290393
02:09:57.602635,499.89573822347165
02:09:57.603939,502.8951133929725
02:09:57.605254,500.8952861682994
02:09:57.606551,500.1932796673237
02:09:57.607867,504.57107358850664
02:09:57.609165,497.95751346884055
02:09:57.610481,501.64682821662086
02:09:57.611778,501.09218890911933
02:09:57.613094,499.88426892041304
02:09:57.614398,503.50579563372656
02:09:57.615716,499.0689557246515
02:09:57.617014,499.39251650179494
02:09:57.618330,497.8143464421365
02:09:57.619627,499.19715007003265
02:09:57.620944,499.9196392957566
02:09:57.622241,499.1057821047763
02:09:57.623556,500.8369750729711
02:09:57.624859,498.39469488051276
02:09:57.626175,503.50473848332024
02:09:57.627472,500.96078620415756
02:09:57.628789,502.43172343257606
02:09:57.630088,499.18123894341943
02:09:57.631403,500.33125952722867
02:09:57.632978,499.1546804406457
02:09:57.634350,498.6627174962451
02:09:57.635662,499.76020122450745
02:09:57.636986,499.7694396090327
02:09:57.638286,499.9913803111763
02:09:57.639605,501.62690979469556
02:09:57.640905,499.7749701887498
02:09:57.642264,500.24772780592815
02:09:57.643621,500.503421960754
02:09:57.645019,502.77455621119117
02:09:57.646327,504.6457652771256
02:09:57.647645,500.8262347010341
02:09:57.648944,502.15833227634204
02:09:57.650264,497.38464233765654
02:09:57.651571,499.2751469326861
02:09:57.652899,500.9044491765543
02:09:57.654205,502.5065355557216
02:09:57.655530,500.9882575791422
02:09:57.656829,497.9272848178038
02:09:57.658145,497.57932560464906
02:09:57.659446,502.3535503541782
02:09:57.660762,500.71335563352136
02:09:57.662061,499.0869694820297
02:09:57.663378,500.2168081327046
02:09:57.664679,500.643377129279
02:09:57.665997,501.42642171457464
02:09:57.667299,497.85319990015637
02:09:57.668617,497.81898898057364
02:09:57.669917,498.843380339433
02:09:57.671231,502.01421274817307
02:09:57.672530,500.4534068457665
02:09:57.673854,497.37722912490295
02:09:57.675153,501.2618837632105
02:09:57.676469,500.73137685834945
02:09:57.677767,498.1304870171344
02:09:57.679083,501.466344064279
02:09:57.680379,497.69551975584596
02:09:57.681699,501.3570035062497
02:09:57.682996,498.4700520795401
02:09:57.684316,501.6934290860383
02:09:57.685612,500.10163875024637
02:09:57.686929,499.39469048923075
02:09:57.688229,497.381045222755
02:09:57.689542,498.1949398780117
02:09:57.690840,498.8429705111078
02:09:57.692155,499.44574457480206
02:09:57.693453,501.5213483069506
02:09:57.694775,501.51300633444066
02:09:57.696072,502.2142210898611
02:09:57.697387,501.6455733094284
02:09:57.698684,500.7083802336382
02:09:57.699999,500.1297994078736
02:09:57.701296,500.67261792849047
02:09:57.702612,502.13356250500664
02:09:57.703916,496.28735070725895
02:09:57.705232,500.6636153114751
02:09:57.706528,499.80960325000274
02:09:57.707844,502.04542170541555
02:09:57.709143,499.469900131225
02:09:57.710455,498.77493401235296
02:09:57.711753,501.4530102059311
02:09:57.713069,496.9426906352573
02:09:57.714373,499.0487958492396
02:09:57.715688,497.37881054622113
02:09:57.716986,498.7464903659469
02:09:57.718301,499.3836403954523
02:09:57.719598,500.0156691420989
02:09:57.720912,499.80851364164187
02:09:57.722209,499.95204366536177
02:09:57.723526,500.3204311294446
02:09:57.724824,499.0442029595143
02:09:57.726140,501.89446309838695
02:09:57.727439,500.6979114530406
02:09:57.728753,497.38240598942986
02:09:57.730050,497.55567640858084
02:09:57.731366,499.5171393479089
02:09:57.732663,500.20364121030997
02:09:57.733983,499.1251967563665
02:09:57.735280,499.4999023587465
02:09:57.736597,501.790034982461
02:09:57.737892,504.2497617988068
02:09:57.739210,500.60775849751997
02:09:57.740507,498.1921462703132
02:09:57.741823,499.78458828848073
02:09:57.743138,500.0496178413807
02:09:57.744481,498.7219426414378
02:09:57.745785,501.46532906909505
02:09:57.747108,497.04613136757297
02:09:57.748410,499.59524302403884
02:09:57.749729,500.5542269504212
02:09:57.751028,498.69686050767416
02:09:57.752354,498.8707065642221
02:09:57.753657,500.88065188908087
02:09:57.755020,498.8302844127159
02:09:57.756324,498.27327256906864
02:09:57.757642,501.5822075716369
02:09:57.758940,496.1960112586631
02:09:57.760255,501.32410836080294
02:09:57.761554,495.5654324539849
02:09:57.762872,501.2865038900671
02:09:57.764172,502.8543072477839
02:09:57.765491,500.59318743159906
02:09:57.766791,499.70518078025333
02:09:57.768110,500.67431599110313
02:09:57.769407,500.0996921824823
02:09:57.770722,501.3065935040579
02:09:57.772019,499.95940673383
02:09:57.773332,502.27307703320037
02:09:57.774634,500.3167871728796
02:09:57.775953,499.276281054002
02:09:57.777249,504.6644936978359
02:09:57.778565,500.00558866522135
02:09:57.779862,499.6334576608393
02:09:57.781178,501.25838455725034
02:09:57.782477,497.7034464806648
02:09:57.783837,500.91391028143454
02:09:57.785357,499.442207739007
02:09:57.786705,499.6378465363068
02:09:57.788010,499.96011166851844
02:09:57.789334,501.2671078026769
02:09:57.790633,497.2810374458454
02:09:57.791950,496.76499642702225
02:09:57.793249,497.8050497913148
02:09:57.794586,502.49098131803584
02:09:57.795901,501.90753081405006
02:09:57.797225,497.7484397786479
02:09:57.798525,499.19995757662
02:09:57.799839,500.8552182336956
02:09:57.801137,502.0182088554811
02:09:57.802452,499.32371756289257
02:09:57.803792,500.14738123076637
02:09:57.805119,502.17049860389625
02:09:57.806420,499.92251307818754
02:09:57.807739,498.60980771350364
02:09:57.809039,503.24155390676896
02:09:57.810358,499.29040431214656
02:09:57.811657,498.8809924173816
02:09:57.812971,502.41643670080816
02:09:57.814275,500.98307715776957
02:09:57.815590,501.668236357906
02:09:57.816886,500.4171121153181
02:09:57.818202,496.2817046591932
02:09:57.819499,500.9482464538345
02:09:57.820814,499.3535414253459
02:09:57.822114,499.87777908711786
02:09:57.823430,500.2309498334126
02:09:57.824731,500.66161898205064
02:09:57.826047,498.6590370557551
02:09:57.827343,502.6405286738501
02:09:57.828659,503.4428896670173
02:09:57.829961,499.4324456964077
02:09:57.831286,502.4449539256584
02:09:57.832585,500.0188969176028
02:09:57.833908,503.83866493579956
02:09:57.835214,501.6544144567718
02:09:57.836534,501.9955281691136
02:09:57.837834,500.7746598617023
02:09:57.839151,500.48990914053655
02:09:57.840451,497.61978850733794
02:09:57.841768,501.4286171155016
02:09:57.843070,499.8430385308862
02:09:57.844425,497.1302441865363
02:09:57.845744,499.6424597965202
02:09:57.847066,497.74896172897667
02:09:57.848367,498.84667079222817
02:09:57.849684,505.2123561365814
02:09:57.850982,501.14431888372286
02:09:57.852300,497.5162380287189
02:09:57.853597,501.7551739579914
02:09:57.854952,499.19583492115527
02:09:57.856255,502.5748453242889
02:09:57.857573,499.2150895725574
02:09:57.858870,499.2461246047242
02:09:57.860185,501.1510658572854
02:09:57.861482,500.55586708292543
02:09:57.862797,498.3610640318925
02:09:57.864104,504.45412738180676
02:09:57.865432,498.6774921858601
02:09:57.866735,495.5631793095129
02:09:57.868054,499.0351098447848
02:09:57.869352,501.52668422189
02:09:57.870668,499.029978919427
02:09:57.871964,501.92253033525316
02:09:57.873281,498.48992848667035
02:09:57.874584,499.60400921007465
02:09:57.875903,502.40756218162403
02:09:57.877202,500.0917373570596
02:09:57.878516,500.87952142240806
02:09:57.879813,500.1141067905697
02:09:57.881128,500.31237828463793
02:09:57.882427,498.36294160927514
02:09:57.883782,497.9232538977522
02:09:57.885085,501.817283001238
02:09:57.886418,500.4210526253775
02:09:57.887718,502.39465314303385
02:09:57.889036,500.6356462808602
02:09:57.890333,501.4963127506146
02:09:57.891649,498.337888751033
02:09:57.892947,500.18052168416824
02:09:57.894269,497.67474987006904
02:09:57.895568,501.03804567775336
02:09:57.896886,500.0809590702397
02:09:57.898184,501.38805551857996
02:09:57.899503,497.8170378944456
02:09:57.900799,497.5812631894411
02:09:57.902114,500.63134178139035
02:09:57.903413,498.208909337821
02:09:57.904731,494.6881192469751
02:09:57.906028,498.98247519299656
02:09:57.907344,501.3700074149589
02:09:57.908642,497.10136342453336
02:09:57.909957,503.5000738923571
02:09:57.911254,500.1664525077217
02:09:57.912569,499.8115436895173
02:09:57.913872,500.0049885608363
02:09:57.915188,502.854379449319
02:09:57.916484,499.3275771960355
02:09:57.917801,497.0124995949422
02:09:57.919097,495.6230304454857
02:09:57.920414,503.1350846765115
02:09:57.921713,499.08219041613967
02:09:57.923030,499.8928359543696
02:09:57.924334,495.7340518214406
02:09:57.925661,498.22562602993133
02:09:57.926963,502.80033238850086
02:09:57.928279,501.4419940784496
02:09:57.929577,503.28389365188497
02:09:57.930895,499.5060076361624
02:09:57.932194,495.138379039353
02:09:57.933510,498.7043876260325
02:09:57.934813,499.89854286590685
02:09:57.936131,500.71979314289797
02:09:57.937627,503.13946383818893
02:09:57.938982,499.97913208784337
02:09:57.940292,499.1507702674935
02:09:57.941611,497.75414265562796
02:09:57.942911,498.32539184174703
02:09:57.944255,503.62018488714887
02:09:57.945577,499.4226995019171
02:09:57.946934,503.2003816244623
02:09:57.948261,499.4939687725415
02:09:57.949586,504.85503754630474
02:09:57.950888,495.4276439276749
02:09:57.952205,500.5212156555139
02:09:57.953505,497.56490424405985
02:09:57.954830,499.3496465003744
02:09:57.956133,498.48200917509
02:09:57.957448,498.7459759366821
02:09:57.958746,502.32583802666574
02:09:57.960063,502.1643147404506
02:09:57.961360,502.8877852867889
02:09:57.962678,501.743335342136
02:09:57.963977,498.3151966685316
02:09:57.965296,498.9737140942634
02:09:57.966594,499.642228259562
02:09:57.967918,499.3443446046102
02:09:57.969221,498.56823354918964
02:09:57.970544,502.6124371937591
02:09:57.971844,501.0794843178131
02:09:57.973165,498.3920879912295
02:09:57.974469,500.84090827462853
02:09:57.975785,500.3666334925025
02:09:57.977083,498.2443127660861
02:09:57.978398,500.9563909408807
02:09:57.979695,500.72193120474265
02:09:57.981011,501.83615433517866
02:09:57.982309,496.3684145944417
02:09:57.983625,504.40774546478985
02:09:57.984970,501.30515980839994
02:09:57.986289,498.576019774549
02:09:57.987585,501.34587376697584
02:09:57.988904,502.01600875861374
02:09:57.990202,502.1144704790369
02:09:57.991516,500.661710954441
02:09:57.992812,500.26341801352845
02:09:57.994135,497.9942220604911
02:09:57.995433,496.25352084109664
02:09:57.996748,501.723053899013
02:09:57.998045,497.14577045070155
02:09:57.999362,499.70166825775084
02:09:58.000660,495.342399371145
02:09:58.001975,503.02067234125155
02:09:58.003273,500.7924898060466
02:09:58.004589,498.2953178430651
02:09:58.005885,501.7821786376587
02:09:58.007200,503.3747877616554
02:09:58.008495,500.1330959278551
02:09:58.009811,500.30428532248385
02:09:58.011110,501.7758051728308
02:09:58.012424,498.43228721814114
02:09:58.013723,499.9571779815815
02:09:58.015080,499.7305141146462
02:09:58.016382,497.99222043535724
02:09:58.017700,499.1016808434738
02:09:58.018998,500.20722210996496
02:09:58.020316,500.93566765929756
02:09:58.021616,500.3920574539057
02:09:58.022932,500.017775328964
02:09:58.024237,498.62142436342623
02:09:58.025554,499.97672313510304
02:09:58.026852,503.7254072214087
02:09:58.028168,499.3275604413615
02:09:58.029465,500.0418959768838
02:09:58.030780,502.3743837057939
02:09:58.032077,499.03850659773417
02:09:58.033395,502.95907216669434
02:09:58.034693,497.9440424529804
02:09:58.036008,498.13249541538704
02:09:58.037308,503.7353639085144
02:09:58.038625,493.6807014141463
02:09:58.039922,497.83783677318945
02:09:58.041239,500.31843670923735
02:09:58.042538,501.85502217911926
02:09:58.043860,504.3922273504379
02:09:58.045177,504.66203967834235
02:09:58.046515,498.96933401953413
02:09:58.047819,499.98519149893434
02:09:58.049137,497.9994811435441
02:09:58.050435,500.07622225221456
02:09:58.051754,499.593443870143
02:09:58.053053,498.00923980009367
02:09:58.054379,503.96589745889804
02:09:58.055684,499.8359600861893
02:09:58.057001,499.4606628414952
02:09:58.058308,499.0975635321068
02:09:58.059626,502.7128878850849
02:09:58.060928,502.5415775593799
02:09:58.062246,501.13226613231404
02:09:58.063547,503.14612111617896
02:09:58.064867,501.797021742776
02:09:58.066168,499.27563663736305
02:09:58.067485,502.45268931364944
02:09:58.068786,500.02588461357783
02:09:58.070103,498.0753076348182
02:09:58.071400,503.4794220236559
02:09:58.072716,502.8397432299106
02:09:58.074024,497.6199059114258
02:09:58.075358,499.6335157687873
02:09:58.076658,500.5055589114091
02:09:58.077975,502.44061506123285
02:09:58.079274,500.85782796383086
02:09:58.080589,499.9655993816828
02:09:58.081888,500.8166230754643
02:09:58.083203,499.5648403661362
02:09:58.084504,501.93875126361246
02:09:58.085825,500.5296246110821
02:09:58.087124,498.1648692380586
02:09:58.088439,501.825912564988
02:09:58.089938,498.47057331116076
02:09:58.091290,496.77954943704253
02:09:58.092601,500.17988086328
02:09:58.093928,501.9583258224706
02:09:58.095228,499.04102849033677
02:09:58.096546,500.4772053210573
02:09:58.097846,501.77250256407797
02:09:58.099193,498.59901014531505
02:09:58.100504,498.9585395950083
02:09:58.101825,497.5492382263481
02:09:58.103126,501.4069066489246
02:09:58.104450,503.78172387704916
02:09:58.105749,499.1213908033765
02:09:58.107063,501.75596566947996
02:09:58.108364,500.78158752541776
02:09:58.109681,498.16873390725283
02:09:58.110980,503.7837894777644
02:09:58.112297,500.3367414857424
02:09:58.113595,501.52780776916387
02:09:58.114972,502.05407922993334
02:09:58.116273,498.6401425071313
02:09:58.117589,499.5709144287319
02:09:58.118888,499.74124626348555
02:09:58.120206,500.8765963778607
02:09:58.121504,498.62570202868187
02:09:58.122823,498.2824152968319
02:09:58.124129,500.53045006934565
02:09:58.125446,498.36917829044495
02:09:58.126746,498.7470425422604
02:09:58.128060,497.78875938254293
02:09:58.129359,498.51357513902303
02:09:58.130675,502.1288227293973
02:09:58.131973,497.8203734982116
02:09:58.133287,501.6587335990094
02:09:58.134589,500.1084234506637
02:09:58.135904,500.2784715500595
02:09:58.137201,502.8468686536417
02:09:58.138517,501.1519268846936
02:09:58.139814,499.9554967327979
02:09:58.141131,499.77049162179344
02:09:58.142430,500.1465876783416
02:09:58.143785,498.1922109778931
02:09:58.145105,502.8872930761186
02:09:58.146449,498.1940494122539
02:09:58.147757,499.3109846918349
02:09:58.149076,499.5274015135437
02:09:58.150376,500.9520291623113
02:09:58.151692,500.718942779071
02:09:58.152989,497.6046424434498
02:09:58.154310,496.9938206898475
02:09:58.155613,500.92480259595646
02:09:58.156933,500.66032095364244
02:09:58.158233,500.6888976617884
02:09:58.159555,496.0811158614654
02:09:58.160864,505.65354858319307
02:09:58.162198,499.15246987443726
02:09:58.163501,498.4363152417601
02:09:58.164825,500.7715819123312
02:09:58.166123,496.9747796191887
02:09:58.167442,503.38717471803693
02:09:58.168742,498.11238225907243
02:09:58.170060,500.7413713737892
02:09:58.171358,495.07438640985634
02:09:58.172674,501.44307909436077
02:09:58.173976,501.1083095838548
02:09:58.175293,500.07383771809515
02:09:58.176594,499.5044099286472
02:09:58.177910,498.3287100605992
02:09:58.179206,501.4493136002462
02:09:58.180523,501.39591170669445
02:09:58.181821,499.4600294435104
02:09:58.183139,495.9900068109488
02:09:58.184443,497.36354382667133
02:09:58.185761,498.43804858585776
02:09:58.187059,496.7276071984037
02:09:58.188375,501.1838114932518
02:09:58.189670,497.8898532260232
02:09:58.190985,498.7527957176518
02:09:58.192283,497.20550417557916
02:09:58.193598,502.59708569739115
02:09:58.194936,501.9967662137382
02:09:58.196254,499.6616145897975
02:09:58.197553,501.8900693400488
02:09:58.198870,500.8288166035756
02:09:58.200167,499.0239780204155
02:09:58.201484,501.18320510094446
02:09:58.202782,503.31177399032407
02:09:58.204106,502.37655959969396
02:09:58.205404,497.1508882247302
02:09:58.206720,499.4158659287354
02:09:58.208017,499.9241471907426
02:09:58.209333,499.6030238957305
02:09:58.210630,498.9243958944553
02:09:58.211944,499.5255520267579
02:09:58.213242,502.71716093051816
02:09:58.214563,499.93980574877605
02:09:58.215863,500.11734803571346
02:09:58.217178,500.6885079817613
02:09:58.218477,500.9642937336951
02:09:58.219793,502.33763680443406
02:09:58.221093,499.8463243979521
02:09:58.222408,497.8382547587149
02:09:58.223704,503.20595856198554
02:09:58.225058,502.49555894241416
02:09:58.226356,499.9649751773923
02:09:58.227673,500.2111909511557
02:09:58.228970,499.78329630585984
02:09:58.230288,496.9961831964438
02:09:58.231585,501.34581237672234
02:09:58.232901,501.75408774713156
02:09:58.234203,501.9287823544738
02:09:58.235518,500.16245189217983
02:09:58.236817,502.3278602685441
02:09:58.238131,500.10376721964127
02:09:58.239429,500.89799269790376
02:09:58.240746,502.3629344554124
02:09:58.242230,502.99061601235303
02:09:58.243577,499.1363166705075
02:09:58.244889,497.70496304495555
02:09:58.246238,501.8649382952012
02:09:58.247550,499.7220121878708
02:09:58.248871,500.25896926083846
02:09:58.250172,502.20778256739857
02:09:58.251519,496.41693848267175
02:09:58.252834,501.1714879378317
02:09:58.254159,499.50929498709405
02:09:58.255463,499.9252439785954
02:09:58.256788,501.83294341403825
02:09:58.258283,498.90886368194504
02:09:58.259619,495.8898970565579
02:09:58.260923,498.35041503374805
02:09:58.262250,493.76887570650894
02:09:58.263557,500.3521242675101
02:09:58.264879,502.607620846146
02:09:58.266178,500.98293732141144
02:09:58.267501,499.24347245381733
02:09:58.268801,501.6127305098381
02:09:58.270121,496.4507278576192
02:09:58.271420,497.05296673343923
02:09:58.272743,499.75577689672906
02:09:58.274050,499.44857870538425
02:09:58.275371,496.5078200887443
02:09:58.276670,501.61141718884494
02:09:58.277988,497.86512837912477
02:09:58.279287,503.03886733185857
02:09:58.280604,499.7526726418543
02:09:58.281901,498.89871669753614
02:09:58.283218,501.2252295467852
02:09:58.284518,501.1976459810044
02:09:58.285836,499.6172331024307
02:09:58.287133,501.0406086132436
02:09:58.288449,497.6783179586332
02:09:58.289747,498.25587018181585
02:09:58.291062,499.93655470020946
02:09:58.292362,500.09639841287776
02:09:58.293679,498.4741855910353
02:09:58.295018,499.3207841437156
02:09:58.296353,499.98266617781394
02:09:58.297652,499.7313113501457
02:09:58.298970,499.42889854049
02:09:58.300266,497.3070368080904
02:09:58.301578,499.78987358010505
02:09:58.302876,500.411547429317
02:09:58.304191,501.1880349258827
02:09:58.305489,498.53592434493765
02:09:58.306805,497.4979842260179
02:09:58.308102,501.0898021939418
02:09:58.309417,498.23166694505716
02:09:58.310715,497.58992461124205
02:09:58.312031,500.51179347966047
02:09:58.313329,498.95083915514715
02:09:58.314648,498.032919517273
02:09:58.315946,500.2956561038291
02:09:58.317262,497.21238231370546
02:09:58.318561,495.9117633462406
02:09:58.319877,501.31748856994994
02:09:58.321175,503.3093953753264
02:09:58.322491,499.36573530444605
02:09:58.323829,503.64968403765323
02:09:58.325149,496.1703396203982
02:09:58.326448,500.502442326915
02:09:58.327762,498.3431294993331
02:09:58.329059,500.2470434361804
02:09:58.330373,496.87208342781696
02:09:58.331673,499.1980200746914
02:09:58.332988,496.99804891607033
02:09:58.334293,497.6359537754124
02:09:58.335609,500.2424973909194
02:09:58.336906,496.41278582129536
02:09:58.338222,498.2624334805954
02:09:58.339519,499.22954932249445
02:09:58.340835,501.26928105753075
02:09:58.342135,501.3012420199738
02:09:58.343450,497.88409845478395
02:09:58.344754,499.19350535740995
02:09:58.346087,499.29466797010815
02:09:58.347402,501.72480034910535
02:09:58.348726,499.73162782505494
02:09:58.350029,497.7375331748941
02:09:58.351347,498.0104502749685
02:09:58.352646,498.31878138607595
02:09:58.353969,497.71336924079947
02:09:58.355271,502.3687867051076
02:09:58.356589,499.18547941293286
02:09:58.357889,499.5439921445164
02:09:58.359206,495.9781816011775
02:09:58.360504,501.75913909060364
02:09:58.361822,498.7956873020904
02:09:58.363119,498.973386155151
02:09:58.364443,498.68496780289945
02:09:58.365753,502.48253022089796
02:09:58.367074,501.742568231892
02:09:58.368372,500.936374961554
02:09:58.369687,505.40337736920964
02:09:58.370988,499.80983835542594
02:09:58.372306,498.45520428810653
02:09:58.373618,500.4179588106345
02:09:58.375000,497.5676317481926
02:09:58.376306,500.2243049249682
02:09:58.377627,500.20692100162927
02:09:58.378929,496.7776207740797
02:09:58.380249,501.1889446116329
02:09:58.381548,499.6402377126872
02:09:58.382865,500.80506543081185
02:09:58.384166,502.125473866848
02:09:58.385483,500.87372202791846
02:09:58.386782,503.87206094323597
02:09:58.388102,501.0728975032158
02:09:58.389413,497.2249928330658
02:09:58.390780,501.1027875869188
02:09:58.392141,497.89387766605455
02:09:58.393481,496.3241898808954
02:09:58.395062,501.4647534143733
02:09:58.396429,497.58974674379135
02:09:58.397744,499.2464681191489
02:09:58.399067,498.7623715401371
02:09:58.400367,501.4254022375192
02:09:58.401687,498.66593064427263
02:09:58.402989,502.0734928493292
02:09:58.404342,498.64052383427975
02:09:58.405663,500.22820719985896
02:09:58.406988,500.7222162770725
02:09:58.408289,503.06071035782867
02:09:58.409609,499.12292975720743
02:09:58.410909,498.1295489773881
02:09:58.412225,498.0295031303362
02:09:58.413524,501.7813232227265
02:09:58.414855,500.52512855022695
02:09:58.416168,499.6465089188487
02:09:58.417489,497.6494884210087
02:09:58.418791,501.65501845462654
02:09:58.420113,501.1124845602814
02:09:58.421413,498.6510489073246
02:09:58.422730,497.92914702202637
02:09:58.424033,500.9179493890986
02:09:58.425352,502.7272441245712
02:09:58.426649,500.6910495667465
02:09:58.427966,499.42942266337974
02:09:58.429265,501.2846698662253
02:09:58.430582,501.4633452242788
02:09:58.431881,500.2773934421827
02:09:58.433199,500.3136036511436
02:09:58.434498,497.38231454545485
02:09:58.435819,500.27698745895304
02:09:58.437119,497.7223716396391
02:09:58.438434,501.8444814019059
02:09:58.439731,500.2030310335609
02:09:58.441047,500.1179684726605
02:09:58.442345,500.5657417357517
02:09:58.443660,501.3789777062118
02:09:58.445002,502.1520552252052
02:09:58.446345,501.70627656941974
02:09:58.447665,498.64143633409697
02:09:58.448987,498.62627205432614
02:09:58.450282,496.5084662157277
02:09:58.451596,503.62149725229455
02:09:58.452890,503.2820570520996
02:09:58.454216,500.4550766134541
02:09:58.455524,498.46969161277866
02:09:58.456845,500.06746319243223
02:09:58.458146,504.72764015846735
02:09:58.459467,500.3372306840417
02:09:58.460765,498.970516343074
02:09:58.462081,503.91718462961944
02:09:58.463380,500.99997862824017
02:09:58.464709,496.93467694449413
02:09:58.466020,498.45751212480195
02:09:58.467352,499.7250424843113
02:09:58.468660,498.2345309675182
02:09:58.469979,499.52011914270753
02:09:58.471280,500.06017880455994
02:09:58.472598,500.41993079324845
02:09:58.473901,502.2794225852287
02:09:58.475223,498.83627372397183
02:09:58.476525,500.75545928441966
02:09:58.477842,499.29612368264515
02:09:58.479141,499.73370759240146
02:09:58.480461,499.3069377781819
02:09:58.481760,497.2879748547105
02:09:58.483076,497.3661157041329
02:09:58.484381,496.9713611302227
02:09:58.485700,502.44740630763846
02:09:58.487001,500.21550549834313
02:09:58.488319,501.3890235047098
02:09:58.489632,500.13583495815
02:09:58.491071,500.9388576691391
02:09:58.492516,497.09554582813223
02:09:58.493923,499.1960534389802
02:09:58.495249,499.7026993132806
02:09:58.496578,501.4253301749351
02:09:58.497879,502.26364879200725
02:09:58.499205,499.05518641728946
02:09:58.500510,496.25466653813135
02:09:58.501832,501.3188882933498
02:09:58.503133,497.8556819403358
02:09:58.504464,497.5216469952083
02:09:58.505776,498.2514994696449
02:09:58.507098,498.17581999861346
02:09:58.508403,501.2987020536042
02:09:58.509722,505.6384920044245
02:09:58.511020,497.5517375922973
02:09:58.512338,499.87744640061777
02:09:58.513637,499.3550234272248
02:09:58.515015,502.16829711926374
02:09:58.516325,495.8305065525109
02:09:58.517646,500.37851396446575
02:09:58.518946,499.19637835751905
02:09:58.520265,500.23817790604335
02:09:58.521563,496.78783451802263
02:09:58.522881,500.8234051851411
02:09:58.524184,501.5732258832345
02:09:58.525504,501.71635649370376
02:09:58.526803,497.9556262608906
02:09:58.528119,499.1411396055642
02:09:58.529418,503.02836271145065
02:09:58.530734,502.24015350805274
02:09:58.532032,501.2112533194465
02:09:58.533349,498.53974522046866
02:09:58.534655,498.6055969099333
02:09:58.535972,497.7202324884215
02:09:58.537268,498.2994224155228
02:09:58.538584,502.4362215205657
02:09:58.539881,499.2699600197221
02:09:58.541198,499.22122360964227
02:09:58.542497,504.5993279096645
02:09:58.543851,501.257324364027
02:09:58.545150,503.1228126872435
02:09:58.546742,500.9215623724134
02:09:58.548098,501.1499021319376
02:09:58.549429,498.4711104976525
02:09:58.550732,502.4657015864218
02:09:58.552052,496.2909177854936
02:09:58.553350,502.59428907874354
02:09:58.554676,502.6766792462355
02:09:58.556003,498.75946925422306
02:09:58.557347,503.389130556806
02:09:58.558651,499.46322798829584
02:09:58.559971,499.3601315337897
02:09:58.561270,500.2956552838106
02:09:58.562591,499.9652005602764
02:09:58.563895,496.916987824791
02:09:58.565216,497.1030782550676
02:09:58.566516,498.3934670348852
02:09:58.567833,500.46725595807004
02:09:58.569133,500.3571135270772
02:09:58.570463,500.8384173185808
02:09:58.571777,502.31789366532666
02:09:58.573100,497.01158425448665
02:09:58.574404,497.4266492320186
02:09:58.575723,499.7797035645309
02:09:58.577023,496.2577132967877
02:09:58.578340,503.0518541399423
02:09:58.579637,502.67861226314244
02:09:58.580955,498.7274666638876
02:09:58.582255,501.8417710174901
02:09:58.583572,499.0596446997973
02:09:58.584872,498.73034588509904
02:09:58.586193,498.03543703547416
02:09:58.587492,500.9118015496146
02:09:58.588811,498.0269703250133
02:09:58.590109,496.4201459851433
02:09:58.591427,498.62833567771605
02:09:58.592726,499.3479743564223
02:09:58.594049,500.15691613741967
02:09:58.595349,498.34508871686273
02:09:58.596664,501.1985139101654
02:09:58.597965,501.64547654033555
02:09:58.599282,499.3107304985644
02:09:58.600580,495.5588153607057
02:09:58.601895,500.8734382935027
02:09:58.603191,499.2109737414472
02:09:58.604511,502.1036052043596
02:09:58.605809,500.5217675234037
02:09:58.607126,501.1642107396262
02:09:58.608423,501.78544740465804
02:09:58.609740,503.4666390546197
02:09:58.611038,496.91472681900837
02:09:58.612355,501.8905714573663
02:09:58.613652,497.10365755219334
02:09:58.615028,502.83573376006456
02:09:58.616328,502.449115103939
02:09:58.617643,501.1665057670267
02:09:58.618940,499.5987977147739
02:09:58.620255,499.3040011542454
02:09:58.621552,503.4196867112781
02:09:58.622869,499.6401013968123
02:09:58.624172,498.2779353291504
02:09:58.625487,501.49550955422194
02:09:58.626786,501.3575589519014
02:09:58.628100,503.7665633686996
02:09:58.629397,500.06986360420166
02:09:58.630713,501.0131145377517
02:09:58.632009,499.3643441397713
02:09:58.633325,495.9034320168741
02:09:58.634628,502.2636743731332
02:09:58.635944,498.3760677995722
02:09:58.637242,499.5179055518929
02:09:58.638557,502.482969134094
02:09:58.639855,503.3019186458311
02:09:58.641171,498.86351252050406
02:09:58.642469,499.57970343694427
02:09:58.643821,498.57046521327123
02:09:58.645121,500.3636539801681
02:09:58.646437,498.41659016580195
02:09:58.647757,501.61410729185457
02:09:58.649100,501.2760045541899
02:09:58.650404,501.59567464982234
02:09:58.651725,501.9596861920603
02:09:58.653026,498.56417816803025
02:09:58.654350,499.9466762818857
02:09:58.655653,497.48085536736437
02:09:58.656972,500.09892662020746
02:09:58.658270,498.23808508678866
02:09:58.659588,498.51372971391396
02:09:58.660887,500.59773322999393
02:09:58.662206,501.82645824807594
02:09:58.663505,499.6911164366754
02:09:58.664821,498.66573632836594
02:09:58.666121,502.82303630713255
02:09:58.667438,500.564721078543
02:09:58.668735,502.51686387222725
02:09:58.670050,502.8319000338593
02:09:58.671347,501.9441166431976
02:09:58.672664,500.4154389588061
02:09:58.673963,501.2026308604121
02:09:58.675282,497.1966817879982
02:09:58.676580,503.89473578341375
02:09:58.677896,500.6114802287065
02:09:58.679194,499.2034943586016
02:09:58.680508,504.09818894324786
02:09:58.681807,496.2880158860952
02:09:58.683130,501.14956169092574
02:09:58.684444,502.3867126496304
02:09:58.685765,498.22448461065056
02:09:58.687064,501.3053382072909
02:09:58.688381,499.03315956380146
02:09:58.689680,503.97626751781445
02:09:58.690998,506.07446593923197
02:09:58.692297,498.62044912713276
02:09:58.693615,496.6958666405475
02:09:58.694956,501.31640850338476
02:09:58.696275,499.5761293246333
02:09:58.697573,498.60609423403434
02:09:58.699104,500.5582560744191
02:09:58.700435,498.1242406673374
02:09:58.701761,501.9097177169694
02:09:58.703063,498.8564116004623
02:09:58.704390,500.30012795437614
02:09:58.705690,498.1705666081552
02:09:58.707027,501.2248286044637
02:09:58.708349,501.2285049792376
02:09:58.709682,499.3257221552085
02:09:58.710983,498.70477734681447
02:09:58.712306,500.0089957305603
02:09:58.713604,502.6796464796353
02:09:58.714966,498.1229410854694
02:09:58.716267,498.0204947725549
02:09:58.717587,501.39784559054794
02:09:58.718888,499.3022932797591
02:09:58.720205,501.873295083874
02:09:58.721501,499.5599131990213
02:09:58.722819,499.8436455771273
02:09:58.724123,499.5628833829631
02:09:58.725438,499.74684761017096
02:09:58.726738,499.662034803705
02:09:58.728054,500.38473016521266
02:09:58.729354,502.13772294597743
02:09:58.730671,502.93571099406375
02:09:58.731969,505.684157561465
02:09:58.733283,501.5238710222477
02:09:58.734585,500.5197528414222
02:09:58.735901,494.9135842574605
02:09:58.737197,501.70952404365886
02:09:58.738514,499.15430891085333
02:09:58.739812,497.5081949249628
02:09:58.741127,497.9177340362642
02:09:58.742423,503.01308749919446
02:09:58.743776,501.3497973677894
02:09:58.745077,500.05663557878876
02:09:58.746394,497.0478400699543
02:09:58.747711,501.00163585764165
02:09:58.749047,497.82070536578556
02:09:58.750353,500.4618784396329
02:09:58.751672,498.0358559981844
02:09:58.752970,497.5146584853592
02:09:58.754294,499.1178627712561
02:09:58.755597,497.08257563796366
02:09:58.756917,498.8139417879013
02:09:58.758215,501.8812344629895
02:09:58.759534,497.31898504454125
02:09:58.760834,499.1524507931144
02:09:58.762149,501.3636651449061
02:09:58.763447,501.68846474287363
02:09:58.764769,499.0011399417128
02:09:58.766067,498.87615312259686
02:09:58.767386,501.4451873435796
02:09:58.768684,495.64957880309703
02:09:58.770000,498.61488589807294
02:09:58.771298,501.2029125373801
02:09:58.772614,499.57535297197956
02:09:58.773915,499.0424862874032
02:09:58.775231,502.10628027032413
02:09:58.776529,500.0190191450078
02:09:58.777845,500.22899107792193
02:09:58.779143,500.3527554224136
02:09:58.780460,501.79308557174693
02:09:58.781758,500.989685496709
02:09:58.783071,500.2113869732086
02:09:58.784374,500.04169864051715
02:09:58.785691,499.8063932793862
02:09:58.786989,502.24558532238404
02:09:58.788304,498.08632487038847
02:09:58.789603,505.764820321077
02:09:58.790915,500.40178489677635
02:09:58.792213,500.2842799339809
02:09:58.793528,502.760587804005
